[{"family":"MaterialIcons","fonts":[{"asset":"fonts/MaterialIcons-Regular.otf"}]},{"family":"Apercu","fonts":[{"weight":900,"asset":"assets/fonts/apercu-black.otf"},{"weight":900,"style":"italic","asset":"assets/fonts/apercu-black-italic.otf"},{"weight":700,"asset":"assets/fonts/apercu-bold.otf"},{"weight":700,"style":"italic","asset":"assets/fonts/apercu-bold-italic.otf"},{"weight":200,"asset":"assets/fonts/apercu-extralight.otf"},{"weight":200,"style":"italic","asset":"assets/fonts/apercu-extralight-italic.otf"},{"weight":300,"asset":"assets/fonts/apercu-light.otf"},{"weight":300,"style":"italic","asset":"assets/fonts/apercu-light-italic.otf"},{"weight":400,"asset":"assets/fonts/apercu-regular.otf"},{"weight":400,"style":"italic","asset":"assets/fonts/apercu-italic.otf"},{"weight":500,"asset":"assets/fonts/apercu-medium.otf"},{"weight":500,"style":"italic","asset":"assets/fonts/apercu-medium-italic.otf"}]},{"family":"packages/font_awesome_flutter/FontAwesomeBrands","fonts":[{"weight":400,"asset":"packages/font_awesome_flutter/lib/fonts/fa-brands-400.ttf"}]},{"family":"packages/font_awesome_flutter/FontAwesomeRegular","fonts":[{"weight":400,"asset":"packages/font_awesome_flutter/lib/fonts/fa-regular-400.ttf"}]},{"family":"packages/font_awesome_flutter/FontAwesomeSolid","fonts":[{"weight":900,"asset":"packages/font_awesome_flutter/lib/fonts/fa-solid-900.ttf"}]},{"family":"packages/cupertino_icons/CupertinoIcons","fonts":[{"asset":"packages/cupertino_icons/assets/CupertinoIcons.ttf"}]}]